上位のクエリ,クリック数,表示回数,CTR,掲載順位
ドット絵メーカー,4,56,7.14%,9.46
pixieed,3,3,100%,1
ドット絵 描く サイト,2,55,3.64%,5.76
ドット絵 描くサイト,2,4,50%,5.5
ドット絵 練習 サイト,2,2,100%,9
ドット絵が描けるサイト,1,12,8.33%,6.17
ドット絵 サイト,1,12,8.33%,8.08
ドット絵作成 サイト,1,7,14.29%,6.86
ドット絵 動かす サイト,1,6,16.67%,2.5
ドット絵ツール ブラウザ,1,5,20%,6.4
ドット絵制作サイト,1,4,25%,8.5
ドット絵アニメーション,1,1,100%,3
ドット絵メーカー 無料,0,13,0%,9.54
ドット絵サイト,0,10,0%,8.7
ドット絵を描くサイト,0,9,0%,5.22
ドット絵作成サイト,0,7,0%,8.86
ドット絵 無料,0,6,0%,7.83
ドット絵 メーカー,0,6,0%,9.67
ドット絵 ブラウザ,0,5,0%,8.2
ドット絵描くサイト,0,4,0%,7.5
ドット制作ツール,0,4,0%,8
ドット絵にするサイト,0,4,0%,9.5
ピクセルアート ドット絵 違い,0,4,0%,11.5
ドット絵とは,0,4,0%,11.75
ドットメーカー,0,3,0%,8
ドット絵 作成 サイト,0,3,0%,8.67
ピクセルアートとは,0,3,0%,27.33
ドット絵,0,3,0%,42.67
デジタルアート 作り方 無料,0,3,0%,46
ドット絵 かけるサイト,0,2,0%,5
ドット絵を描けるサイト,0,2,0%,5
ドット絵 無料 サイト,0,2,0%,8
ドット絵各サイト,0,2,0%,9
ドット化,0,2,0%,9.5
絵サイト,0,2,0%,57
16×16 ドット,0,1,0%,6
ドット化 サイト,0,1,0%,6
ドット作成,0,1,0%,7
ドット絵制作,0,1,0%,10
ドット絵無料,0,1,0%,10
ドット絵 作り方,0,1,0%,12
ドット絵 英語,0,1,0%,12
ピクセルアート(ドット絵 違い),0,1,0%,12
ドット絵 制作,0,1,0%,14
ドット絵 描く,0,1,0%,18
ドット絵 動画,0,1,0%,19
マス目 色 塗り サイト,0,1,0%,21
ドット絵 丸,0,1,0%,28
ドット絵 ピクセルアート とは,0,1,0%,29
ドット絵丸,0,1,0%,31
ピクセルアート 作り方,0,1,0%,34
ドット絵 依頼,0,1,0%,37
ドット絵 イラスト,0,1,0%,38
ピクセル化 意味,0,1,0%,43
ドット,0,1,0%,54
落書き サイト,0,1,0%,62